district,name,category,address,road_address,latitude,longitude,naver_link,recommendation_score,recommendation_reason
대덕구,맛집부추해물칼국수,"한식>칼국수,만두",대전광역시 대덕구 신탄진동 139-24,대전광역시 대덕구 신탄진로804번길 31,36.4495571,127.4315926,,87,지역성: 칼국수
대덕구,교동면옥 대전중리점,한식>냉면,대전광역시 대덕구 중리동 230-1 1층 교동면옥 대전중리점,대전광역시 대덕구 한밭대로 1100 1층 교동면옥 대전중리점,36.3581939,127.4207980,https://www.instagram.com/kyodong_myeonok/,84,지역성: 대전
대덕구,우림칼국수 신탄진점,"음식점>한식>칼국수,만두",대전광역시 대덕구 신탄진동 155-15 우림칼국수 신탄진점,대전광역시 대덕구 신탄진동로 16-2 우림칼국수 신탄진점,36.4474104,127.4313714,,84,지역성: 칼국수
대덕구,오문창순대국밥,"한식>순대,순댓국",대전광역시 대덕구 중리동 203-2,대전광역시 대덕구 한밭대로 1153,36.3592330,127.4265662,,81,
대덕구,공주쌍신집칼국수 대청댐점,"한식>칼국수,만두",대전광역시 대덕구 미호동 90-2 1층,대전광역시 대덕구 대청로 572 1층,36.4700081,127.4722662,https://app.catchtable.co.kr/ct/shop/gongjussangsin,79,지역성: 칼국수
대덕구,형제횟집,한식>생선회,대전광역시 대덕구 중리동 372-3 형제횟집,대전광역시 대덕구 중리로76번길 22 형제횟집,36.3657379,127.4263927,,72,
대덕구,나래원,음식점>한식,대전광역시 대덕구 비래동 139-10,대전광역시 대덕구 비래동로16번길 13,36.3551858,127.4506385,,69,
대덕구,백마강참숯민물장어,"한식>장어,먹장어요리",대전광역시 대덕구 비래동 561-1,대전광역시 대덕구 동서대로 1752,36.3522510,127.4431438,,68,
대덕구,옥천순대매운족발,"한식>순대,순댓국",대전광역시 대덕구 송촌동 565-31,대전광역시 대덕구 송촌로 9,36.3564774,127.4438293,,67,
대덕구,양평칼국수콩국수 본점,"음식점>한식>칼국수,만두",대전광역시 대덕구 중리동 166-10,대전광역시 대덕구 중리남로28번길 1,36.3611298,127.4285482,https://www.instagram.com/yangpyeong_kalguksu,66,"지역성: 본점, 칼국수"
대덕구,양평칼국수,"한식>칼국수,만두",대전광역시 대덕구 덕암동 3-24,대전광역시 대덕구 덕암로265번길 105,36.4470823,127.4213175,,65,지역성: 칼국수
대덕구,만나숯불구이 중리동본점,"한식>육류,고기요리",대전광역시 대덕구 중리동 363-33 1층,대전광역시 대덕구 중리로75번길 20 1층,36.3658385,127.4239388,https://blog.naver.com/kong7249,64,지역성: 본점
대덕구,성채숯불구이 신탄진,"한식>육류,고기요리",대전광역시 대덕구 신탄진동 121-1 1층,대전광역시 대덕구 대청로 8 1층,36.4511364,127.4294903,https://www.instagram.com/scbbq.sintan_official/,63,
대덕구,연탄구이,"한식>육류,고기요리",대전광역시 대덕구 오정동 445-14,대전광역시 대덕구 한남로88번길 6,36.3511412,127.4188553,,63,
대덕구,원조설악추어탕삼계탕,음식점>한식,대전광역시 대덕구 덕암동 8-15 원조설악추어탕삼계탕,대전광역시 대덕구 덕암북로48번길 9 원조설악추어탕삼계탕,36.4452281,127.4223176,,63,
대덕구,장수촌 중리점,"한식>백숙,삼계탕",대전광역시 대덕구 중리동 499-4,대전광역시 대덕구 송촌북로5번길 10-11,36.3632614,127.4362941,,62,
대덕구,신탄짬뽕 대전신탄진본점,중식>중식당,대전광역시 대덕구 신탄진동 121-25 1층,대전광역시 대덕구 신탄진동로7번길 74 1층,36.4508837,127.4295761,,61,"지역성: 본점, 대전"
대덕구,왕실전골칼국수 선비마을점,"한식>칼국수,만두",대전광역시 대덕구 송촌동 482-1,대전광역시 대덕구 계족산로36번길 67,36.3622978,127.4388519,,61,지역성: 칼국수
대덕구,샤브마니아 대전송촌점,음식점>일식>샤브샤브,대전광역시 대덕구 송촌동 447-4 1층 샤브마니아 송촌점,대전광역시 대덕구 계족산로81번길 92 1층 샤브마니아 송촌점,36.3665548,127.4373537,https://www.instagram.com/1sb.mania,60,지역성: 대전
대덕구,스텔라떡볶이 대전신탄진점,음식점>분식,대전광역시 대덕구 신탄진동 145-6 1층,대전광역시 대덕구 신탄진로 815 1층,36.4503660,127.4287573,https://www.stellapick.com/,60,지역성: 대전
대덕구,대청골순대국밥전문점,"한식>순대,순댓국",대전광역시 대덕구 신탄진동 121-6,대전광역시 대덕구 대청로 10,36.4512022,127.4297305,https://daecheonggol.creatorlink.net/,59,
대덕구,얌샘김밥 신탄진점,음식점>분식,대전광역시 대덕구 신탄진동 143-16 1층,대전광역시 대덕구 신탄진로 802 1층,36.4491272,127.4294317,https://www.instagram.com/yumsem_official,59,
대덕구,명가네보쌈칼국수,"한식>칼국수,만두",대전광역시 대덕구 비래동 138-1,대전광역시 대덕구 비래동로 30,36.3564539,127.4506700,,58,지역성: 칼국수
대덕구,영화반점,중식>중식당,대전광역시 대덕구 신탄진동 139-17,대전광역시 대덕구 신탄진동로23번길 46,36.4498285,127.4315430,,58,
대덕구,유가옥 설렁탕 본점,"한식>곰탕,설렁탕",대전광역시 대덕구 중리동 202-1,대전광역시 대덕구 한밭대로 1161,36.3593091,127.4274890,,58,지역성: 본점
대덕구,제주은희네해장국 대전신탄진점,한식>해장국,대전광역시 대덕구 상서동 396-3 나동 1층,대전광역시 대덕구 신탄진로 490 나동 1층,36.4231510,127.4198462,,58,지역성: 대전
대덕구,짬뽕지존 신탄진점,음식점>중식당,"대전광역시 대덕구 상서동 282 1,2층","대전광역시 대덕구 신탄진로 578 1,2층",36.4302023,127.4222194,,58,
대덕구,한밭신화수산,한식>생선회,대전광역시 대덕구 오정동 736,대전광역시 대덕구 대전천북로 350,36.3561877,127.4054721,,58,
대덕구,동죽칼국수,"한식>칼국수,만두",대전광역시 대덕구 목상동 148-6 동죽칼국수,대전광역시 대덕구 대덕대로1458번길 23 동죽칼국수,36.4482135,127.4114304,,57,지역성: 칼국수
대덕구,청년다방 대전송촌점,음식점>분식,대전광역시 대덕구 송촌동 449-6,대전광역시 대덕구 송촌북로36번길 11,36.3658130,127.4366851,http://www.youngdabang.com/,57,지역성: 대전
대덕구,홍굴이 부추손칼국수,"한식>칼국수,만두",대전광역시 대덕구 송촌동 503-7,대전광역시 대덕구 선비마을로5번길 3,36.3618774,127.4456674,,57,지역성: 칼국수
대덕구,황금칼국수,"한식>칼국수,만두",대전광역시 대덕구 읍내동 327-3 황금칼국수,대전광역시 대덕구 대전로 1357 황금칼국수,36.3749451,127.4200318,https://www.instagram.com/hwang_geum_kalgugsu,57,지역성: 칼국수
대덕구,일품돼지국밥 대전IC점,한식>국밥,대전광역시 대덕구 비래동 557-1 1층 일품돼지국밥 대전IC점,대전광역시 대덕구 동서대로 1770 1층 일품돼지국밥 대전IC점,36.3534877,127.4439993,,56,지역성: 대전
대덕구,포대포소곱창구이,"한식>곱창,막창,양",대전광역시 대덕구 송촌동 548-20,대전광역시 대덕구 선비마을로 22,36.3628182,127.4471191,,56,
대덕구,미카도스시 대전신탄진점,"음식점>일식>초밥,롤",대전광역시 대덕구 신탄진동 121-33 103호,대전광역시 대덕구 대청로 12 103호,36.4513058,127.4301465,http://mikadosushi.co.kr/,55,지역성: 대전
대덕구,상하이양꼬치,중식>양꼬치,대전광역시 대덕구 송촌동 456-12,대전광역시 대덕구 송촌북로16번길 43,36.3646573,127.4387897,,55,
대덕구,선양갈비,한식>돼지고기구이,대전광역시 대덕구 송촌동 473-3 1층,대전광역시 대덕구 송촌북로4번길 41-19 1층,36.3638400,127.4389688,https://www.instagram.com/sunyangpork,55,
대덕구,특벼리각벼리 양평해장국,한식>해장국,대전광역시 대덕구 신탄진동 156-1 1층,대전광역시 대덕구 신탄진동로 24 1층,36.4476815,127.4321837,,55,
대덕구,더구,"한식>백숙,삼계탕",대전광역시 대덕구 목상동 867-3,대전광역시 대덕구 대덕대로1448번길 123,36.4427212,127.4117681,,54,
대덕구,망골고개식당,"한식>칼국수,만두",대전광역시 대덕구 석봉동 309-23,대전광역시 대덕구 석봉로3번길 41,36.4488191,127.4212756,,54,지역성: 칼국수
대덕구,석봉튀김 떡볶이 신탄진점,분식>종합분식,대전광역시 대덕구 석봉동 188-19 101호,대전광역시 대덕구 석봉로37번길 18 101호,36.4481747,127.4260431,https://blog.naver.com/kichanbok,54,
대덕구,신탄면옥,한식>냉면,대전광역시 대덕구 덕암동 48-10,대전광역시 대덕구 덕암북로104번길 74,36.4396524,127.4266895,https://sintanmyounog.creatorlink.net/,54,
대덕구,완미족발 송촌점,"음식점>한식>육류,고기요리>족발,보쌈",대전광역시 대덕구 송촌동 456-6 1층,대전광역시 대덕구 송촌북로20번길 38 1층,36.3647165,127.4385428,https://www.완미족발.kr/,54,
대덕구,왕손곱창,"한식>곱창,막창,양",대전광역시 대덕구 대화동 40-85 왕손곱창,대전광역시 대덕구 대화로 69 왕손곱창,36.3672861,127.4120853,,54,
대덕구,이종구항아리짬뽕 오정점,중식>중식당,대전광역시 대덕구 오정동 67-25,대전광역시 대덕구 한밭대로1006번길 11,36.3576459,127.4107302,http://www.instagram.com/jjambbong777,54,
대덕구,청기와냉면 본점,한식>냉면,대전광역시 대덕구 상서동 279 . 1층,대전광역시 대덕구 신탄진로567번길 2 . 1층,36.4299095,127.4214310,,54,지역성: 본점
대덕구,해물가,"한식>해물,생선요리",대전광역시 대덕구 목상동 150-9 1층,대전광역시 대덕구 대덕대로1458번길 35 1층,36.4478701,127.4120515,,54,
대덕구,다해활어시장식당,한식>생선회,대전광역시 대덕구 석봉동 322-1,대전광역시 대덕구 덕암북로 85 (석봉동),36.4440112,127.4267664,,53,
대덕구,불티나만두찐빵,분식>종합분식,대전광역시 대덕구 중리동 372-2,대전광역시 대덕구 중리로76번길 18,36.3657405,127.4262058,,53,
대덕구,은혜식당,음식점>한식,대전광역시 대덕구 중리동 204-7 1층 은혜식당,대전광역시 대덕구 한밭대로1159번길 11 1층 은혜식당,36.3596221,127.4272250,https://www.instagram.com/daejeon_eunhye?igsh=MTQwaDV1bDVybjY5YQ%3D%3D&utm_source=qr,53,
대덕구,장수촌 송촌점,"한식>백숙,삼계탕",대전광역시 대덕구 송촌동 499-8,대전광역시 대덕구 동춘당로44번길 19,36.3632519,127.4449579,,53,
대덕구,준짬뽕,중식>중식당,대전광역시 대덕구 덕암동 70-3 1층,대전광역시 대덕구 덕암로125번안길 60 1층,36.4349214,127.4211548,https://cafe.naver.com/,53,
대덕구,킴스돈까스,음식점>일식>돈가스,대전광역시 대덕구 오정동 172-5,대전광역시 대덕구 한남로 61,36.3513600,127.4214749,,53,
대덕구,혜성옥,"한식>곰탕,설렁탕",대전광역시 대덕구 중리동 410-3,대전광역시 대덕구 한밭대로 1147,36.3593147,127.4258928,,53,
대덕구,대왕산삼백숙농원 대청댐점 삼계탕 갈비탕 오리 닭 백숙,음식점>한식,대전광역시 대덕구 미호동 268-3,대전광역시 대덕구 대청로 516,36.4659889,127.4686714,,52,
대덕구,샤브쌈주머니 오정점,음식점>일식>샤브샤브,대전광역시 대덕구 오정동 65-8 2층 샤브쌈주머니 오정점,대전광역시 대덕구 한밭대로 1048 2층 샤브쌈주머니 오정점,36.3582346,127.4149222,,52,
대덕구,순대폭식소,"한식>순대,순댓국",대전광역시 대덕구 덕암동 65-8 1층,대전광역시 대덕구 덕암로125번안길 94 1층,36.4362881,127.4216444,,52,
대덕구,스시류,"음식점>일식>초밥,롤",대전광역시 대덕구 송촌동 467-11,대전광역시 대덕구 송촌북로12번길 11,36.3636879,127.4374160,,52,
대덕구,쯔보,음식점>아시아음식,대전광역시 대덕구 오정동 175-22 1층,대전광역시 대덕구 한남로12번길 47 1층,36.3524002,127.4246479,,52,
대덕구,김밥신화,분식>김밥,대전광역시 대덕구 중리동 384-5,대전광역시 대덕구 중리로 51,36.3636570,127.4250173,,51,
대덕구,양지면옥,한식>냉면,대전광역시 대덕구 중리동 200-1 1층,대전광역시 대덕구 중리동로17번길 39-1 1층,36.3603890,127.4277356,,51,
대덕구,왕짬뽕순두부,중식>중식당,대전광역시 대덕구 비래동 125-12 1층 왕짬뽕순두부,대전광역시 대덕구 비래서로 25 1층 왕짬뽕순두부,36.3547920,127.4476491,,51,
대덕구,우리손칼국수,"한식>칼국수,만두",대전광역시 대덕구 송촌동 506-2,대전광역시 대덕구 선비마을로 9,36.3622830,127.4461280,,51,지역성: 칼국수
대덕구,태안반도 포항물회,음식점>일식>일식당,대전광역시 대덕구 중리동 198-9,대전광역시 대덕구 중리동로3번길 22,36.3595440,127.4286418,,51,
대덕구,팔도한마당순대,"한식>순대,순댓국",대전광역시 대덕구 목상동 863-2 팔도한마당순대,대전광역시 대덕구 대덕대로1448번길 73 팔도한마당순대,36.4446643,127.4105268,,51,
대덕구,금강옥천올갱이,음식점>한식,대전광역시 대덕구 송촌동 565-5,대전광역시 대덕구 동춘당로15번길 90,36.3570943,127.4447033,,50,
대덕구,미강손짜장,중식>중식당,대전광역시 대덕구 덕암동 62-29,대전광역시 대덕구 덕암로181번길 19,36.4366980,127.4215548,https://www.instagram.com/p/CIuQqKNlYFt/?igshid=1tufzivnygrls,50,
대덕구,부뜰생고기,음식점>한식,대전광역시 대덕구 비래동 129-7 1층,대전광역시 대덕구 비래동로31번길 6 1층 (비래동),36.3568397,127.4504647,,50,
대덕구,수통골염소명가 중리직영점,음식점>한식,대전광역시 대덕구 중리동 368-23 수통골염소명가 중리직영점,대전광역시 대덕구 중리로64번길 3 수통골염소명가 중리직영점,36.3649259,127.4254553,,50,
대덕구,청원삼계탕,음식점>한식,대전광역시 대덕구 중리동 389-1 1층,대전광역시 대덕구 중리로44번길 16 1층,36.3628473,127.4261263,,50,
대덕구,청춘테라스,술집>요리주점,대전광역시 대덕구 비래동 125-43 1층,대전광역시 대덕구 비래서로 27 1층,36.3547826,127.4478121,http://instagram.com/cctrc2019,50,
대덕구,필짬뽕,중식>중식당,대전광역시 대덕구 오정동 488-18 필짬뽕,대전광역시 대덕구 한남로137번길 43 필짬뽕,36.3464075,127.4170266,,50,
대덕구,한성손짜장,중식>중식당,대전광역시 대덕구 상서동 833-10,대전광역시 대덕구 덕암로148번안길 24,36.4336957,127.4235691,,50,
대덕구,황해면옥,한식>냉면,대전광역시 대덕구 오정동 490-1,대전광역시 대덕구 한남로149번길 1,36.3470398,127.4143829,,50,
대덕구,회포,한식>생선회,대전광역시 대덕구 송촌동 453-7 1층,대전광역시 대덕구 송촌북로20번길 21-5 1층,36.3646295,127.4375729,,50,
대덕구,가마솥해장국,한식>해장국,대전광역시 대덕구 신일동 37-1,대전광역시 대덕구 산업단지로87번길 13,36.4296595,127.4116929,,49,
대덕구,김관식추어명장,음식점>한식,대전광역시 대덕구 상서동 349-1,대전광역시 대덕구 신탄진로 512,36.4247502,127.4202814,,49,
대덕구,대청하녹 신탄진점,"한식>육류,고기요리",대전광역시 대덕구 신탄진동 121-23 1층,대전광역시 대덕구 신탄진동로7번길 78 1층,36.4510112,127.4295254,,49,
대덕구,미가한우소머리국밥,음식점>한식,대전광역시 대덕구 목상동 863-5 1층,대전광역시 대덕구 대덕대로1448번길 81 1층,36.4443022,127.4106112,http://0427109190.tshome.co.kr/,49,
대덕구,샤브쌈주머니 송촌점,음식점>일식>샤브샤브,"대전광역시 대덕구 송촌동 475-5 1,2동 1층","대전광역시 대덕구 계족산로81번길 9 1,2동 1층",36.3634078,127.4400030,,49,
대덕구,윤이네집밥,음식점>한식,대전광역시 대덕구 중리동 99-1,대전광역시 대덕구 계족산로5번길 54,36.3644159,127.4314479,,49,
대덕구,하르방대패삼겹,"한식>육류,고기요리",대전광역시 대덕구 석봉동 182-19 1층,대전광역시 대덕구 석봉로38번길 40 1층,36.4455903,127.4257581,,49,
대덕구,한양고깃집 신탄진점,음식점>한식,대전광역시 대덕구 석봉동 573-2 1층,대전광역시 대덕구 대덕대로1585번길 16 1층,36.4518663,127.4241602,https://www.instagram.com/hanyang_sintan,49,
대덕구,형제수산,한식>생선회,대전광역시 대덕구 중리동 372-4 1층,대전광역시 대덕구 중리로76번길 24 1층,36.3657360,127.4265375,,49,
대덕구,호돈,"한식>육류,고기요리",대전광역시 대덕구 신탄진동 126-21 1층,대전광역시 대덕구 대청로 54 1층,36.4525599,127.4340876,,49,
대덕구,라멘유니버스,음식점>일식>일본식라면,대전광역시 대덕구 오정동 175-36 1층,대전광역시 대덕구 한남로38번길 3-1 1층,36.3512434,127.4238545,https://www.instagram.com/ramen._.universe?igshid=MmIzYWVlNDQ5Yg==,48,
대덕구,림식당,중식>중식당,대전광역시 대덕구 비래동 123-24 1층,대전광역시 대덕구 비래서로 9 1층,36.3554121,127.4459923,https://www.instagram.com/lim_lim6262024/,48,
대덕구,샤브연리지 신탄진점,음식점>일식>샤브샤브,대전광역시 대덕구 신탄진동 121-33 대전북부새마을금고 본사사옥 2층 203 호,대전광역시 대덕구 대청로 12 대전북부새마을금고 본사사옥 2층 203 호,36.4512817,127.4302041,,48,
대덕구,준짜장오정점,중식>중식당,대전광역시 대덕구 오정동 88-25 1층,대전광역시 대덕구 오정로78번길 23 1층,36.3539963,127.4105253,,48,
대덕구,카나우,음식점>일식>일식당,대전광역시 대덕구 송촌동 474-5 1층,대전광역시 대덕구 송촌북로4번길 47-15 1층,36.3637773,127.4393654,https://www.instagram.com/kanau4745?igsh=eXN2N3kxb3Z6amcw&utm_source=qr,48,
대덕구,이타,음식점>일식>덮밥,대전광역시 대덕구 신탄진동 160-25 1F 이타,대전광역시 대덕구 신탄진동로48번길 2 1F 이타,36.4480910,127.4344977,https://www.instagram.com/ita_dakimasss,47,
대덕구,청담향,음식점>한식,대전광역시 대덕구 송촌동 292-7 청담향,대전광역시 대덕구 동서대로 1785 청담향,36.3552805,127.4437714,,47,
대덕구,화도식,중식>중식당,대전광역시 대덕구 오정동 274-23 1층,대전광역시 대덕구 한밭대로1006번길 98 1층,36.3547583,127.4139013,https://www.instagram.com/hwadosik_daejeon?igsh=a2M4dDZ1OW4zcTBy&utm_source=qr,47,
대덕구,맛있는고기에솜씨를더하다 송촌점,한식>돼지고기구이,대전광역시 대덕구 송촌동 475-3 1층,대전광역시 대덕구 계족산로81번길 17 1층,36.3639186,127.4398496,https://www.instagram.com/thehada_songchon,45,
대덕구,굴세상 덕암점,한식>굴요리,대전광역시 대덕구 덕암동 12-3 굴세상,대전광역시 대덕구 덕암로 259 굴세상,36.4434567,127.4251939,,44,
유성구,백송한우 대전 유성,한식>소고기구이,대전광역시 유성구 구암동 623-6 B동 지상 1층 백송한우 대전유성,대전광역시 유성구 월드컵대로275번길 49 B동 지상 1층 백송한우 대전유성,36.3506940,127.3315320,https://blog.naver.com/baeksong_taejeon,80,지역성: 대전
유성구,태평소국밥,한식>국밥,대전광역시 유성구 봉명동 682-2,대전광역시 유성구 온천동로65번길 50,36.3574560,127.3502061,https://smartstore.naver.com/mcfdts,78,
유성구,전주집 본점,한식>향토음식,대전광역시 유성구 봉명동 546-3 1층,대전광역시 유성구 온천로 74 1층,36.3545742,127.3459507,https://www.instagram.com/jeon_ju_jip/,77,"지역성: 향토, 본점"
유성구,대손관 대전봉명본점,음식점>일식>돈가스,"대전광역시 유성구 봉명동 665-3 B동 1, 2층","대전광역시 유성구 한밭대로492번길 20 B동 1, 2층",36.3588522,127.3528466,http://www.instagram.com/daesonkwan,74,"지역성: 본점, 대전"
유성구,소담칼국수쭈꾸미 어은점,"한식>칼국수,만두",대전광역시 유성구 어은동 113-15 1층,대전광역시 유성구 어은로48번길 15 1층,36.3631328,127.3578548,,73,지역성: 칼국수
유성구,형과아우누룽지삼계탕왕갈비탕,음식점>한식,대전광역시 유성구 봉명동 538-8 동아벤처 타워 1층 115호,"대전광역시 유성구 온천로 59 (봉명동, 동아벤처 타워) 1층 115호",36.3554102,127.3445999,http://www.형과아우.com/,73,
유성구,솥계,음식점>한식,대전광역시 유성구 어은동 105-5 1층,대전광역시 유성구 농대로 6 1층,36.3611833,127.3536739,,72,
유성구,오씨칼국수 도룡점,"한식>칼국수,만두","대전광역시 유성구 도룡동 4-9 하우스D어반 1층 E103,104,105호","대전광역시 유성구 엑스포로151번길 19 하우스D어반 1층 E103,104,105호",36.3758371,127.3950982,,72,지역성: 칼국수
유성구,장원갑칼국수 대전유성점,"한식>칼국수,만두",대전광역시 유성구 덕명동 508-1 지상1층,대전광역시 유성구 현충원로 288 지상1층,36.3599892,127.3034737,https://app.catchtable.co.kr/ct/shop/JangwongabDaejoenYousung,71,"지역성: 대전, 칼국수"
유성구,남도주막,한식>향토음식,대전광역시 유성구 지족동 908-8 101호,대전광역시 유성구 은구비서로3번길 20 101호,36.3727566,127.3199423,,70,지역성: 향토
유성구,박봉명생갈비,한식>돼지고기구이,"대전광역시 유성구 봉명동 624-2 나이스펠리스103,104호","대전광역시 유성구 온천북로33번길 35-17 나이스펠리스103,104호",36.3585003,127.3457941,,70,
유성구,철수네매운갈비찜,"한식>육류,고기요리",대전광역시 유성구 봉명동 535-5 한진 오피스텔 1층 뒷편 주차장 입구,대전광역시 유성구 대학로 31 한진 오피스텔 1층 뒷편 주차장 입구,36.3565702,127.3417067,,70,
유성구,유성본가 누룽지삼계탕,"한식>백숙,삼계탕",대전광역시 유성구 구암동 163-4,대전광역시 유성구 유성대로 645,36.3520364,127.3282523,,69,
유성구,달구지막창 유성점,"육류,고기요리>곱창,막창,양",대전광역시 유성구 어은동 100-1,대전광역시 유성구 어은로57번길 59,36.3620137,127.3534088,,68,
유성구,복사꽃피는집 대전점,"한식>해물,생선요리>주꾸미요리",대전광역시 유성구 계산동 305-10 1층 복사꽃피는집,대전광역시 유성구 원계산로 238-34 1층 복사꽃피는집,36.3351645,127.3012255,https://www.tabling.co.kr/restaurant/12090,68,지역성: 대전
유성구,칼 누들바 대전봉명점,음식점>한식,대전광역시 유성구 봉명동 621-1 팰릭스타워 1층 106호,대전광역시 유성구 문화원로 90 팰릭스타워 1층 106호,36.3586941,127.3457879,,68,지역성: 대전
유성구,전통순대국밥,"한식>순대,순댓국",대전광역시 유성구 어은동 106-1,대전광역시 유성구 대학로 187,36.3608203,127.3541136,,67,
유성구,제면소의하루 대전어은본점,"음식점>일식>우동,소바",대전광역시 유성구 어은동 111-1 1층,대전광역시 유성구 어은로58번길 14 1층,36.3635765,127.3573136,,67,"지역성: 본점, 대전"
유성구,제주똥돼지오겹살,한식>돼지고기구이,대전광역시 유성구 봉명동 549-6,대전광역시 유성구 온천로 64,36.3548165,127.3448654,,67,
유성구,대전 태평소국밥,한식>국밥,대전광역시 유성구 봉명동 676-3,대전광역시 유성구 문화원로 140,36.3581068,127.3512933,,66,지역성: 대전
유성구,진원소우 대전봉명점,"음식점>한식>육류,고기요리>소고기구이","대전광역시 유성구 봉명동 611-11 2층 201, 202호","대전광역시 유성구 문화원로 93 2층 201, 202호",36.3592012,127.3461452,https://www.instagram.com/jinwon_sowoo_bongmyung,66,지역성: 대전
유성구,밥하기싫은날 후루룩손칼국수,음식점>한식,대전광역시 유성구 반석동 659-1,대전광역시 유성구 반석로11번길 66-11,36.3892368,127.3152853,https://www.instagram.com/hururukkalguksu/,65,지역성: 칼국수
유성구,운탄 반석 본점,음식점>한식,대전광역시 유성구 반석동 639-5 반석역 2번 출구 도보 5분,대전광역시 유성구 반석로11번길 8 반석역 2번 출구 도보 5분,36.3912896,127.3130716,http://www.instagram.com/untan.korea,65,지역성: 본점
유성구,작교,술집>요리주점,대전광역시 유성구 어은동 105-12,대전광역시 유성구 농대로2번길 7-11,36.3614430,127.3537570,http://instagram.com/zak_kyo,65,
유성구,골목,한식>돼지고기구이,대전광역시 유성구 어은동 108-3 1층,대전광역시 유성구 어은로57번길 5 1층,36.3630313,127.3562016,,64,
유성구,부산갈매기 대전봉명점,"한식>육류,고기요리",대전광역시 유성구 봉명동 636-1 지상1층,대전광역시 유성구 온천북로 21 지상1층,36.3571129,127.3455053,https://busanseagull.com,64,지역성: 대전
유성구,궁칼국수,"한식>칼국수,만두",대전광역시 유성구 어은동 110-1 2층,대전광역시 유성구 어은로58번길 10 2층,36.3634662,127.3570024,,63,지역성: 칼국수
유성구,동래돼지국밥수육 대전유성본점,한식>국밥,대전광역시 유성구 봉명동 656-6 1층,대전광역시 유성구 온천북로 45 1층,36.3567522,127.3478994,,63,"지역성: 본점, 대전"
유성구,오모리생바지락손칼국수,"한식>칼국수,만두",대전광역시 유성구 반석동 665-3,대전광역시 유성구 북유성대로 328,36.3938697,127.3140091,,63,지역성: 칼국수
유성구,안골칼국수,"한식>칼국수,만두",대전광역시 유성구 어은동 111-2 지하1층,대전광역시 유성구 어은로58번길 16 지하1층,36.3636302,127.3574117,,62,지역성: 칼국수
유성구,호우섬 대전신세계Art&Science점,음식점>중식당,대전광역시 유성구 도룡동 3-1 대전신세계 아트,대전광역시 유성구 엑스포로 1 대전신세계 아트,36.3750281,127.3822029,https://www.instagram.com/haosum_official,62,지역성: 대전
유성구,익선잡방 대전신세계점,음식점>브런치,대전광역시 유성구 도룡동 648 대전신세계백화점 Art&Science 6층 익선잡방,대전광역시 유성구 엑스포로 1 대전신세계백화점 Art&Science 6층 익선잡방,36.3749137,127.3814078,https://www.instagram.com/ikseon_jabbang/,61,지역성: 대전
유성구,이비가짬뽕 유성본점,음식점>중식당,대전광역시 유성구 궁동 462-12,대전광역시 유성구 문화원로 39,36.3604662,127.3404875,http://www.ebiga.co.kr/,60,지역성: 본점
유성구,임도현의 목포횟집,한식>생선회,대전광역시 유성구 어은동 100-11 1층,대전광역시 유성구 어은로51번길 56 1층,36.3618929,127.3538590,,60,
유성구,감쪽 대전봉명점,"한식>육류,고기요리",대전광역시 유성구 봉명동 628-2 지상1층,대전광역시 유성구 온천북로 19 지상1층,36.3572311,127.3451554,https://www.instagram.com/gamjjok_daejeon/,59,지역성: 대전
유성구,공주쌍신집칼국수 방동직영점,한식>국수,"대전광역시 유성구 방동 172 지상 1, 2층","대전광역시 유성구 성북로 66-12 지상 1, 2층",36.2886486,127.3065617,https://app.catchtable.co.kr/ct/shop/gongju_ssangsinjip_kalguksu_bangdong?from=share&type=WAITING,59,지역성: 칼국수
유성구,다르다김밥 대전신세계점,음식점>분식,대전광역시 유성구 도룡동 648 A50호,대전광역시 유성구 엑스포로 1 A50호,36.3749704,127.3812766,https://www.instagram.com/darda.gram,59,지역성: 대전
유성구,대감막창갈매기 전민본점,"한식>곱창,막창,양",대전광역시 유성구 전민동 336-2 1층,대전광역시 유성구 전민로70번길 48 1층,36.3988257,127.4029700,https://www.instagram.com/daegam_daejeon/profilecard/?igsh=dGdrM3NqZzhwdjVx,59,지역성: 본점
유성구,마시내 본점,음식점>중식당,대전광역시 유성구 장대동 355-15 1층 마시내,대전광역시 유성구 문화원로14번길 14 1층 마시내,36.3608837,127.3375196,https://www.instagram.com/masinae1_1996,59,지역성: 본점
유성구,천리집,"한식>순대,순댓국",대전광역시 유성구 신성동 125-3,대전광역시 유성구 신성남로 127,36.3918393,127.3512146,,59,
유성구,1987 신샤브,음식점>일식>샤브샤브,대전광역시 유성구 어은동 115-7 1층,대전광역시 유성구 어은로48번길 6 1층,36.3627674,127.3576048,https://kbs대호왔대호2024.3.2방영,58,
유성구,노은칼국수,"한식>칼국수,만두",대전광역시 유성구 지족동 910-23,대전광역시 유성구 은구비로 44,36.3757700,127.3197850,,58,지역성: 칼국수
유성구,속풀이부추칼국수황제보쌈유성점,"한식>칼국수,만두",대전광역시 유성구 봉명동 557-1,대전광역시 유성구 도안대로567번길 31,36.3512836,127.3381056,http://010-2212-6680.ezbuilder.co.kr,58,지역성: 칼국수
유성구,쌈의 대가,한식>쌈밥,대전광역시 유성구 어은동 103-9,대전광역시 유성구 농대로8번길 19,36.3618211,127.3549528,,58,
유성구,형과아우누룽지삼계탕&왕갈비탕 대전관평현대아울렛점,"한식>백숙,삼계탕",대전광역시 유성구 용산동 576 1층 103호,대전광역시 유성구 테크노중앙로 153 1층 103호,36.4230550,127.4008184,,58,지역성: 대전
유성구,오사카데스 대전봉명점,술집>요리주점,대전광역시 유성구 봉명동 626-2 1층,대전광역시 유성구 온천북로13번길 20 1층,36.3579943,127.3449716,https://blog.naver.com/osakades_,57,지역성: 대전
유성구,우식이네 숙성관 본점,"한식>육류,고기요리",대전광역시 유성구 도룡동 4-9 도룡 하우스디 1층 A112호~A118호,대전광역시 유성구 엑스포로151번길 19 도룡 하우스디 1층 A112호~A118호,36.3764449,127.3948826,,57,지역성: 본점
유성구,운탄 대전봉명점,음식점>한식,대전광역시 유성구 봉명동 676-2 1층 102호,대전광역시 유성구 문화원로 138 1층 102호,36.3581663,127.3508947,,57,지역성: 대전
유성구,형과아우누룽지삼계탕&왕갈비탕,"한식>백숙,삼계탕",대전광역시 유성구 도룡동 395-7 지상1층(),대전광역시 유성구 대덕대로590번길 12-7 지상1층(도룡동),36.3852558,127.3795769,https://233.quv.kr/,57,
유성구,고치소사마 대전 봉명,음식점>일식>일식당,대전광역시 유성구 봉명동 683-6 고치소사마 대전봉명,대전광역시 유성구 온천동로65번길 26 고치소사마 대전봉명,36.3572464,127.3514911,http://www.instagram.com/gochisosama_,56,지역성: 대전
유성구,꿀돼지돌판구이,한식>돼지고기구이,대전광역시 유성구 어은동 100-12,대전광역시 유성구 어은로51번길 58,36.3618719,127.3537317,,56,
유성구,별리달리 별달돈까스 궁동점,음식점>일식>돈가스,대전광역시 유성구 궁동 399-11,대전광역시 유성구 궁동로18번길 45,36.3628789,127.3498012,https://blog.naver.com/starmooncaffe/223277382909,56,
유성구,샤오차이나 룸 중식주점 궁동본점,술집>요리주점,대전광역시 유성구 궁동 410-13 5층,대전광역시 유성구 대학로151번길 25 5층,36.3618412,127.3500444,https://www.instagram.com/xiaochina_,56,지역성: 본점
유성구,전민엄마김밥 본점,분식>김밥,대전광역시 유성구 전민동 346-1 1층,대전광역시 유성구 전민로70번길 12 1층,36.3988256,127.4009380,,56,지역성: 본점
유성구,전주두레박콩나물국밥,한식>국밥,대전광역시 유성구 원신흥동 541-3,대전광역시 유성구 원신흥남로 58,36.3375653,127.3383717,,56,
유성구,목동칼국수 관평점,음식점>한식,대전광역시 유성구 관평동 1211,대전광역시 유성구 관들5길 15-19,36.4223732,127.3930799,https://www.instagram.com/mokdong_kalguksu,55,지역성: 칼국수
유성구,무어,"이탈리아음식>스파게티,파스타전문",대전광역시 유성구 어은동 111-4 1층,대전광역시 유성구 어은로58번길 20 1층,36.3637735,127.3575400,http://instagram.com/moore__hs,55,
유성구,상무초밥 유성점,"음식점>일식>초밥,롤",대전광역시 유성구 봉명동 617-1 1층 106~110호,대전광역시 유성구 대학로 44 1층 106~110호(봉명동),36.3574870,127.3432607,http://pf.kakao.com/_UxjxdCG,55,
유성구,소문난떡볶이,분식>떡볶이,대전광역시 유성구 송강동 49-10,대전광역시 유성구 구즉로 74-7,36.4351304,127.3865033,,55,
유성구,유성즉석떡볶이,분식>떡볶이,대전광역시 유성구 원신흥동 551-8 1층,대전광역시 유성구 동서대로735번길 104 1층,36.3345416,127.3405796,,55,
유성구,칼질만번짬뽕 유성노은역,중식>중식당,대전광역시 유성구 지족동 901-1 105호,대전광역시 유성구 은구비로 36 105호,36.3754821,127.3189195,,55,
유성구,퐁당샤브 유성점,음식점>일식>샤브샤브,"대전광역시 유성구 봉명동 617-4 104, 105호","대전광역시 유성구 온천북로 7 104, 105호",36.3573740,127.3438454,https://www.pongdangshabu.co.kr,55,
유성구,푸고 대전관평점,음식점>한식,대전광역시 유성구 관평동 957 2층,대전광역시 유성구 테크노중앙로 66 2층,36.4256160,127.3924196,,55,지역성: 대전
유성구,호텔 오노마 타운하우스,음식점>뷔페,대전광역시 유성구 도룡동 3-1 7층 타운하우스,대전광역시 유성구 엑스포로 1 7층 타운하우스,36.3748906,127.3833412,https://www.instagram.com/hotelonoma,55,
유성구,상하이양꼬치양갈비 관평점,중식>양꼬치,대전광역시 유성구 관평동 1081,대전광역시 유성구 관들2길 72-9,36.4243037,127.3919156,,54,
유성구,유씨네본가누룽지삼계탕 유성점,"한식>백숙,삼계탕",대전광역시 유성구 장대동 281-23 1층,대전광역시 유성구 장대로 50 1층,36.3596236,127.3363168,,54,
유성구,대박푸드,분식>종합분식,대전광역시 유성구 관평동 1097 1층,대전광역시 유성구 관들2길 72-2 1층,36.4242771,127.3925032,,53,
유성구,두레정얼큰한칼국수,음식점>한식,대전광역시 유성구 장대동 369-9 1층,대전광역시 유성구 유성대로736번길 96 1층,36.3586128,127.3390259,,53,지역성: 칼국수
유성구,베네파스타하우스,음식점>양식,대전광역시 유성구 어은동 112-13 베네파스타 하우스,대전광역시 유성구 어은로42번길 21-14 베네파스타 하우스,36.3637214,127.3586105,https://www.instagram.com/benepastahouse,53,
유성구,샤브향 관평점,음식점>일식>샤브샤브,대전광역시 유성구 관평동 798 에이스타워,대전광역시 유성구 테크노중앙로 55 에이스타워,36.4263716,127.3917526,http://instagram.com/hong_jeemin,53,
유성구,유성 솥뚜껑 본가 수피아,한식>닭볶음탕,대전광역시 유성구 갑동 402-3 1층 2층,대전광역시 유성구 갑동로15번길 53 1층 2층,36.3621827,127.2865852,https://www.instagram.com/han_supia,53,
유성구,초심 대전신성점,중식>중식당,대전광역시 유성구 신성동 122-3 지상1층,대전광역시 유성구 신성로 95 지상1층,36.3915794,127.3500450,,53,지역성: 대전
유성구,평화로운집 대전봉명점,술집>요리주점,대전광역시 유성구 봉명동 612-3 1층 117호,대전광역시 유성구 대학로 60 1층 117호,36.3587444,127.3442390,https://www.instagram.com/pyeonghwarounjip?igsh=MXN4NGdvMm04Y2h2dQ==,53,지역성: 대전
유성구,한마음정육식당 어은점,"음식점>한식>육류,고기요리",대전광역시 유성구 어은동 115-1 1층,대전광역시 유성구 어은로 46 1층,36.3624166,127.3574551,,53,
유성구,황서옥,"한식>곰탕,설렁탕",대전광역시 유성구 덕명동 593-11,대전광역시 유성구 동서대로179번길 38,36.3477310,127.2965007,,53,
유성구,고기명작 봉명직영점,"한식>육류,고기요리",대전광역시 유성구 봉명동 621-6 고기명작 1층 입니다,대전광역시 유성구 온천북로33번길 39 고기명작 1층 입니다,36.3586810,127.3469753,https://www.instagram.com/only_myungjak,52,
유성구,대구막창,"한식>육류,고기요리",대전광역시 유성구 어은동 100-4,대전광역시 유성구 어은로57번길 53,36.3621522,127.3537359,,52,
유성구,모쿠요비 일본식 덮밥 봉명점,음식점>일식>일식당,대전광역시 유성구 봉명동 612-3 . 2층 212호,대전광역시 유성구 대학로 60 . 2층 212호,36.3587444,127.3442390,,52,
유성구,미나리삼겹살,"한식>육류,고기요리",대전광역시 유성구 어은동 111-2 1층,대전광역시 유성구 어은로58번길 16 1층,36.3636701,127.3573816,,52,
유성구,백소정 대전노은점,음식점>일식>일식당,대전광역시 유성구 지족동 910-3 103호,대전광역시 유성구 은구비남로33번길 68 103호,36.3753423,127.3194868,https://baeksojeong.com/,52,지역성: 대전
유성구,숨은 달인 횟집 물회,한식>생선회,대전광역시 유성구 어은동 100-15 1층,대전광역시 유성구 농대로 14 1층,36.3617881,127.3533256,,52,
유성구,한마음 냉면,한식>냉면,대전광역시 유성구 원내동 334-17,대전광역시 유성구 진잠로70번길 41,36.2984759,127.3184911,,52,
유성구,회포,한식>생선회,"대전광역시 유성구 봉명동 611-9 . 103,104, 105호","대전광역시 유성구 문화원로 89 . 103,104, 105호(봉명동)",36.3591841,127.3456401,,52,
유성구,낭랑,중식>중식당,대전광역시 유성구 신성동 126-18 1층,대전광역시 유성구 신성남로111번길 16 1층,36.3903854,127.3512906,https://blog.naver.com/whwhwh1127,51,
유성구,묘한식당,술집>요리주점,대전광역시 유성구 봉명동 624-2,대전광역시 유성구 온천북로33번길 35-17,36.3583398,127.3457669,https://app.catchtable.co.kr/ct/shop/myohansigdang,51,
유성구,유명돌구이,"한식>육류,고기요리",대전광역시 유성구 봉명동 468-1,대전광역시 유성구 계룡로 60 (봉명동),36.3546803,127.3375144,,51,
유성구,조기종의향미각 봉명점,중식>중식당,대전광역시 유성구 봉명동 607-4,대전광역시 유성구 대학로 39-10,36.3577153,127.3425583,,51,
유성구,카라마데,음식점>일식>일식당,대전광역시 유성구 죽동 724-4,대전광역시 유성구 죽동로279번길 43-5,36.3707620,127.3394384,,51,
유성구,화목한우리집,분식>종합분식,대전광역시 유성구 전민동 348-15,대전광역시 유성구 전민로 64,36.3983503,127.4004526,,51,
유성구,고봉민김밥인 대전어은점,음식점>분식,대전광역시 유성구 어은동 115-2 한빛빌딩 1층,대전광역시 유성구 어은로 44 한빛빌딩 1층,36.3623123,127.3575487,https://blog.naver.com/kobongmin_official,50,지역성: 대전
유성구,마쯔미라멘,음식점>일식>일본식라면,대전광역시 유성구 어은동 114-9 1층,대전광역시 유성구 어은로42번길 19 1층,36.3631243,127.3587492,http://www.instagram.com/matsumi_ramen,50,
유성구,연래춘대반점,중식>중식당,대전광역시 유성구 궁동 482-8,대전광역시 유성구 대학로 78,36.3604143,127.3443829,http://www.042-825-1177.kti114.net/,50,
유성구,열매손만두분식,분식>만두,대전광역시 유성구 지족동 912-10 열매손만두분식,대전광역시 유성구 은구비서로 25 열매손만두분식,36.3744426,127.3204643,https://youtu.be/MnEdGm6bp7A?si=H11E3Hfr_9b75Tzz,50,
유성구,오거리회관,음식점>한식,대전광역시 유성구 원내동 206-3 206-3번지,대전광역시 유성구 진잠로140번길 63 원내동206-3번지,36.3004101,127.3178442,,50,
유성구,오쿠바,"술집>오뎅,꼬치",대전광역시 유성구 어은동 101-14 102호 오쿠바,대전광역시 유성구 어은로51번길 44 102호 오쿠바,36.3620992,127.3545423,https://www.instagram.com/osakaload,50,
동구,도심회관식당 대전본점,음식점>한식,대전광역시 동구 중동 22-4 도심회관식당,대전광역시 동구 대전로813번길 14 도심회관식당,36.3318717,127.4312622,,86,"지역성: 본점, 대전"
동구,비범,음식점>한식,대전광역시 동구 소제동 299-85 단독채,대전광역시 동구 수향길 99 단독채,36.3359679,127.4372593,https://bebeom.com,84,
동구,김화칼국수,"한식>칼국수,만두",대전광역시 동구 중동 22-3,대전광역시 동구 중앙로203번길 28,36.3320442,127.4310084,,83,지역성: 칼국수
동구,별난집,음식점>한식,대전광역시 동구 중동 60-4 1층 별난집,대전광역시 동구 중앙로193번길 8 1층 별난집,36.3309853,127.4307603,https://www.instagram.com/byeolnanjip.daejeon,83,
동구,얼큰이손칼국수,"한식>칼국수,만두",대전광역시 동구 용운동 451-5,대전광역시 동구 용운로 97,36.3276757,127.4531322,https://www.instagram.com/,80,지역성: 칼국수
동구,전봇대 숯불 오겹,"한식>육류,고기요리",대전광역시 동구 용운동 382-9 1층,대전광역시 동구 새울로81번길 36-2 1층,36.3250558,127.4599781,https://www.instagram.com/jbd.8686,80,
동구,온천집,음식점>일식>샤브샤브,대전광역시 동구 소제동 299-69 온천집,대전광역시 동구 수향길 17 온천집,36.3367741,127.4369596,https://www.instagram.com/oncheonjip_soje?igsh=MTd2aXVmcWJlb25pNQ%3D%3D&utm_source=qr,77,
동구,한밭대가,"한식>백숙,삼계탕",대전광역시 동구 신안동 225-4 1층,대전광역시 동구 동광장로 45 1층,36.3321450,127.4376384,http://한밭대가.com,75,
동구,마성소국밥 대전역점,음식점>한식,대전광역시 동구 중동 94-1,대전광역시 동구 중앙로200번길 3,36.3306483,127.4316214,,73,지역성: 대전
동구,고향촌칼국수,"한식>칼국수,만두",대전광역시 동구 용운동 558,대전광역시 동구 대학로 91,36.3378964,127.4572158,,72,지역성: 칼국수
동구,대박구이,한식>조개요리,대전광역시 동구 가양동 655-25 대박구이,대전광역시 동구 충정로 128 대박구이,36.3434247,127.4499046,,72,
동구,대돌배기 판암점,"한식>육류,고기요리",대전광역시 동구 판암동 865-1 . 1층제101호 제102호,대전광역시 동구 동부로10번길 52 . 1층제101호 제102호,36.3179297,127.4596047,,71,
동구,황씨 버섯 샤브샤브칼국수,"한식>칼국수,만두",대전광역시 동구 용운동 354-11 1층,대전광역시 동구 새울로 90 (용운동) 1층,36.3263915,127.4617543,,71,지역성: 칼국수
동구,대전 칼국수 족발 쭈꾸미볶음 본점,음식점>한식,대전광역시 동구 효동 268-16,대전광역시 동구 대전로 641-1,36.3177958,127.4392849,https://www.instagram.com/daejeon_kalguksu_jokbal?igsh=bWZ5Mnh5NDJicWI4,69,"지역성: 본점, 대전, 칼국수"
동구,돈앤삼겹 대전본점,한식>돼지고기구이,대전광역시 동구 용운동 660 1층 돈앤삼겹 대전본점,대전광역시 동구 대학로 38-1 1층 돈앤삼겹 대전본점,36.3332636,127.4556971,https://www.instagram.com/don_sam_daejeon,69,"지역성: 본점, 대전"
동구,라홍방마라탕 대전용운점,음식점>마라탕,대전광역시 동구 용운동 295-10 1층,대전광역시 동구 용운로 159-1 1층,36.3281200,127.4602082,http://lahongbang.com,69,지역성: 대전
동구,연탄길,"한식>육류,고기요리",대전광역시 동구 효동 256-10 1층 연탄길,대전광역시 동구 대전로 621 1층 연탄길,36.3160149,127.4399557,,69,
동구,쌍청고기마을 대전한우,"한식>육류,고기요리",대전광역시 동구 판암동 527-7 쌍청고기마을 대전한우,대전광역시 동구 동부로33번길 46-62 쌍청고기마을 대전한우,36.3207356,127.4557840,https://www.instagram.com/ssangcheong__/,68,지역성: 대전
동구,호돌이만두,분식>만두,대전광역시 동구 신안동 313-7,대전광역시 동구 솜2길 4,36.3279732,127.4380697,,68,
동구,금성삼계탕,"한식>백숙,삼계탕",대전광역시 동구 중동 32-14,대전광역시 동구 선화로196번길 44,36.3321891,127.4288000,,66,
동구,동평소국밥 본점,한식>국밥,대전광역시 동구 판암동 461,대전광역시 동구 동구청로203번길 36,36.3167294,127.4550589,,66,지역성: 본점
동구,미도리카레,음식점>일식>카레,대전광역시 동구 소제동 299-413 1층,대전광역시 동구 수향길 75 1층,36.3360872,127.4368282,https://www.instagram.com/midori_color,66,
동구,왕돈가스 대전대남문점,음식점>일식>돈가스,대전광역시 동구 용운동 174-15,대전광역시 동구 용운로147번길 83,36.3311809,127.4609485,,66,지역성: 대전
동구,등불회관 대전판암동점,"한식>육류,고기요리",대전광역시 동구 판암동 490-20 1층 등불회관,대전광역시 동구 옥천로 139 1층 등불회관,36.3173956,127.4558674,,65,지역성: 대전
동구,조기종의향미각,중식>중식당,대전광역시 동구 용운동 316-8,대전광역시 동구 동부로 89,36.3225346,127.4623950,,65,
동구,후루룩대전,한식>국수,대전광역시 동구 소제동 299-32,대전광역시 동구 철갑2길 16,36.3352829,127.4371057,http://pf.kakao.com/_qiHbn,65,지역성: 대전
동구,달인김밥천국,분식>종합분식,대전광역시 동구 용운동 175-3 102호,대전광역시 동구 새울로 143 102호,36.3308712,127.4634532,,64,
동구,왕돈까스,분식>종합분식,대전광역시 동구 용운동 96-3 대전대학교,대전광역시 동구 대학로 62 대전대학교,36.3311757,127.4609796,,64,
동구,이순신소국밥 용운장군점,한식>국밥,대전광역시 동구 용운동 666,대전광역시 동구 대학로50번길 22-26,36.3327225,127.4562703,,64,
동구,장군뒷고기 대전본점,"한식>육류,고기요리",대전광역시 동구 용운동 293-8 1층 장군뒷고기 대전본점,대전광역시 동구 용운로 129 1층 장군뒷고기 대전본점,36.3281557,127.4567727,https://www.instagram.com/kogibrother?igsh=MTNtMWUzNnI4ZzkwNg==,63,"지역성: 본점, 대전"
동구,대전감자탕,한식>감자탕,대전광역시 동구 판암동 870,대전광역시 동구 옥천로 187,36.3180842,127.4610003,,62,지역성: 대전
동구,띵호와반점,중식>중식당,대전광역시 동구 용운동 450-11,대전광역시 동구 계족로140번길 150,36.3276004,127.4526083,,62,
동구,장가네대구왕뽈떼기 대전본점,"한식>해물,생선요리",대전광역시 동구 성남동 73-3,대전광역시 동구 계족로 309-1,36.3400182,127.4361394,,62,"지역성: 본점, 대전"
동구,중앙해물칼국수,"한식>칼국수,만두",대전광역시 동구 중동 28-46,대전광역시 동구 대전로791번길 40,36.3295961,127.4310129,,62,지역성: 칼국수
동구,굴세상 원동점,한식>굴요리,대전광역시 동구 원동 46-5 1층,대전광역시 동구 중교로 130-8 1층,36.3284128,127.4335666,,61,
동구,김밥천국 대전역점,음식점>분식,대전광역시 동구 정동 17-8,대전광역시 동구 대전로 814,36.3321765,127.4323866,,61,지역성: 대전
동구,나도야막창구이,"한식>곱창,막창,양",대전광역시 동구 용운동 451-25 1층 나도야막창구이,대전광역시 동구 계족로140번길 178 1층 나도야막창구이,36.3281511,127.4539601,,61,
동구,동북아,중식>중식당,대전광역시 동구 소제동 299-357 1층,대전광역시 동구 철갑길 45 1층,36.3348015,127.4378124,,61,
동구,에이스분식,분식>종합분식,대전광역시 동구 중동 82-8 라동 1층,대전광역시 동구 대전로785번길 50 라동 1층,36.3289824,127.4307569,,61,
동구,옥천식당,음식점>한식,대전광역시 동구 중동 81-6,대전광역시 동구 대전로791번길 29,36.3296438,127.4316263,,61,
동구,일상,술집>이자카야,대전광역시 동구 용운동 294-14 1층 일상,대전광역시 동구 용운로 143 1층 일상,36.3282142,127.4583220,,61,
동구,한마음정육식당 대전판암점,"음식점>한식>육류,고기요리",대전광역시 동구 판암동 840 1층,대전광역시 동구 동부로10번길 5 1층,36.3181350,127.4568295,,61,지역성: 대전
동구,해정손칼국수,"한식>칼국수,만두",대전광역시 동구 판암동 214-5 1층,대전광역시 동구 판암로 25 1층,36.3179370,127.4629520,,61,지역성: 칼국수
동구,투데이유통,음식점>일식>돈가스,대전광역시 동구 용운동 598,대전광역시 동구 대학로 102-7,36.3388328,127.4580126,,60,
동구,가양막창,"한식>곱창,막창,양",대전광역시 동구 가양동 414-8 가양막창,대전광역시 동구 동대전로 277 가양막창,36.3454168,127.4452075,,59,
동구,대전한우,한식>소고기구이,대전광역시 동구 중동 21-9,대전광역시 동구 태전로 11,36.3316123,127.4305931,,59,지역성: 대전
동구,또또네,음식점>한식,대전광역시 동구 중동 28-4 1층,대전광역시 동구 대전로791번길 42-2 1층,36.3295727,127.4308845,,59,
동구,림춘&비범 가맹사업본부,중식>중식당,대전광역시 동구 소제동 299-87 림춘비범가맹본부,대전광역시 동구 수향길 89 림춘비범가맹본부,36.3358172,127.4369213,https://www.instagram.com/limchun.official,59,
동구,부여순대,"한식>순대,순댓국",대전광역시 동구 판암동 490-4,대전광역시 동구 동부로 5-3,36.3177497,127.4562279,,59,
동구,신선 칼국수,"한식>칼국수,만두",대전광역시 동구 대동 178-4 신선칼국수,대전광역시 동구 계족로 188 신선칼국수,36.3303387,127.4422569,,59,지역성: 칼국수
동구,양은이네 대전용운동점,음식점>한식,대전광역시 동구 용운동 274-2 1층,대전광역시 동구 동부로 167 1층,36.3279975,127.4662217,,59,지역성: 대전
동구,예담생선직화구이,한식>생선구이,대전광역시 동구 용운동 282-11 1층,대전광역시 동구 새울로109번길 8-2 1층,36.3283259,127.4615312,,59,
동구,정동불고기,음식점>한식,대전광역시 동구 중동 63-1 1층,대전광역시 동구 중앙로203번길 15 1층,36.3315446,127.4311178,https://www.instagram.com/jungdongbgg,59,
동구,강릉칼국수,"한식>칼국수,만두",대전광역시 동구 자양동 192-17 1층,대전광역시 동구 백룡로57번길 182 1층,36.3409306,127.4491869,,58,지역성: 칼국수
동구,진주냉면 본점 성남점,한식>냉면,대전광역시 동구 성남동 77-5 진주냉면,대전광역시 동구 우암로 156 진주냉면,36.3399817,127.4351603,,58,지역성: 본점
동구,강청골순대국밥 판암점,한식>국밥,대전광역시 동구 판암동 870,대전광역시 동구 옥천로 187,36.3179719,127.4607716,,57,
동구,곰수산 판암 본점,한식>생선회,대전광역시 동구 판암동 351 1층,대전광역시 동구 판암로 17 1층,36.3180201,127.4621789,,57,지역성: 본점
동구,김밥사랑,분식>종합분식,대전광역시 동구 용운동 304-20,대전광역시 동구 새울로 102,36.3274587,127.4618439,,57,
동구,산내음,"한식>백숙,삼계탕",대전광역시 동구 용운동 436-1,대전광역시 동구 백룡로 133,36.3289746,127.4543413,,57,
동구,시골손칼국수,"한식>칼국수,만두",대전광역시 동구 판암동 239,대전광역시 동구 동부로 56-7,36.3220316,127.4619072,,57,지역성: 칼국수
동구,갑부본가 돼지갈비,음식점>한식,대전광역시 동구 성남동 506-4 1층 갑부본가,대전광역시 동구 동서대로 1614 1층 갑부본가,36.3457546,127.4304228,,56,
동구,국밥 참 맛있는 집 대전대동점,음식점>한식>국밥,대전광역시 동구 대동 79-17 1층,대전광역시 동구 동대전로 88-3 1층,36.3303410,127.4437210,https://www.gukcham.com/,55,지역성: 대전
동구,수연분식,분식>종합분식,대전광역시 동구 원동 63-76,대전광역시 동구 대전로785번길 51,36.3288012,127.4308408,,55,
동구,카레약방,음식점>일식>카레,대전광역시 동구 중동 22-15 1층,대전광역시 동구 중앙로203번길 32 1층,36.3321825,127.4309273,https://blog.naver.com/curry_yakbang,55,
동구,판암회관,음식점>한식,대전광역시 동구 판암동 465-2,대전광역시 동구 옥천로 138,36.3166644,127.4556326,,55,
동구,독도해물알찜 대전용운점,"한식>아귀찜,해물찜",대전광역시 동구 용운동 352-7,대전광역시 동구 새울로91번길 2,36.3265484,127.4615240,,54,지역성: 대전
동구,동해아구찜탕,"한식>아귀찜,해물찜",대전광역시 동구 중동 25-2,대전광역시 동구 대전로813번길 45,36.3311265,127.4298094,,54,
동구,생일집,"한식>순대,순댓국",대전광역시 동구 중동 82-11,,36.3292671,127.4308440,http://www.생일집.com/,53,
동구,석정뼈대가,"한식>육류,고기요리",대전광역시 동구 소제동 299-121,대전광역시 동구 계족로 257-5,36.3358711,127.4388217,,53,
동구,위대한조개전골,한식>조개요리,대전광역시 동구 용운동 660-1 1층 위대한조개전골,대전광역시 동구 대학로 38 1층 위대한조개전골,36.3331651,127.4556288,https://www.instagram.com/yang1212o,53,
동구,토우,한식>소고기구이,대전광역시 동구 원동 48-1,대전광역시 동구 대전로 771,36.3286583,127.4336390,,53,
동구,송림식당,"한식>육류,고기요리",대전광역시 동구 원동 41-6 2층 송림식당,대전광역시 동구 대전로 767-9 2층 송림식당,36.3280338,127.4336308,http://instagram.com/_lim_jae_hyoung,52,
동구,스모크힐,"한식>육류,고기요리",대전광역시 동구 판암동 1-22 스모크힐,대전광역시 동구 옥천로 265 스모크힐,36.3193099,127.4690874,https://smokehill.co.kr,52,
동구,역전뜨끈이뼈구이,한식>감자탕,대전광역시 동구 정동 14-14 1층,대전광역시 동구 대전로 825 1층,36.3330721,127.4315986,,52,
동구,효자한식뷔페,음식점>한식,대전광역시 동구 중동 56-1 1층,대전광역시 동구 대전로813번길 49 1층,36.3310723,127.4296596,https://www.instagram.com/hyoja_buffet_daejeon,52,
동구,만석코다리조림불쭈꾸미,음식점>한식,대전광역시 동구 판암동 294-1 1층,대전광역시 동구 새울로 8 1층,36.3191697,127.4623837,,51,
동구,만포분식,분식>종합분식,대전광역시 동구 홍도동 72-32 만포분식,대전광역시 동구 한남로7번길 89 만포분식,36.3475381,127.4293885,https://blog.naver.com/manpo2069,51,
동구,친친양꼬치,중식>양꼬치,대전광역시 동구 정동 13-7,대전광역시 동구 대전로815번길 32,36.3334249,127.4311642,,51,
동구,순옥이네,음식점>한식,대전광역시 동구 원동 49-14 1층 순옥이네,대전광역시 동구 중앙로204번길 51 1층 순옥이네,36.3288301,127.4331999,,50,
동구,싱싱횟집,한식>생선회,대전광역시 동구 가양동 435-21,대전광역시 동구 동대전로283번길 52,36.3450653,127.4425768,,50,
동구,역전우동0410 대전역점,"음식점>일식>우동,소바",대전광역시 동구 정동 17-1,대전광역시 동구 대전로 812,36.3320666,127.4324284,http://udon0410.com/,50,지역성: 대전
동구,열린동남순대,"한식>순대,순댓국",대전광역시 동구 판암동 547-20,대전광역시 동구 옻밭5길 39,36.3228602,127.4475148,,50,
동구,윤성범보쌈칼국수,"한식>칼국수,만두",대전광역시 동구 용운동 725,대전광역시 동구 백룡로 68,36.3328901,127.4532345,https://www.instagram.com/yunssam_kalguksu,50,지역성: 칼국수
동구,팔진향,중식>중식당,대전광역시 동구 용운동 623 1층,대전광역시 동구 대학로 59 1층,36.3351850,127.4560845,http://0422855553.tshome.co.kr/,50,
동구,한마음식당,음식점>한식,대전광역시 동구 소제동 299-371,대전광역시 동구 대동천좌안5길 5,36.3337215,127.4383545,,49,
동구,광천순대,음식점>한식,대전광역시 동구 인동 30-2,대전광역시 동구 대전천동로 452-1,36.3225849,127.4360013,,48,
동구,맛골,"한식>순대,순댓국",대전광역시 동구 용운동 290-14,대전광역시 동구 용운로147번길 6,36.3283680,127.4587925,,46,
동구,백라면,분식>라면,대전광역시 동구 소제동 309-3,대전광역시 동구 계족로 277-1,36.3375201,127.4379283,,43,
동구,얼큰이칼국수 소제점,"한식>칼국수,만두",대전광역시 동구 소제동 299-350,대전광역시 동구 철갑길 3,36.3352930,127.4388447,,41,지역성: 칼국수
동구,일구구공식당,음식점>한식,대전광역시 동구 정동 26-26 1층,대전광역시 동구 대전로813번길 3 1층,36.3319530,127.4319568,,41,
동구,겐로쿠 대전역점,"음식점>일식>우동,소바",대전광역시 동구 정동 1-1 대전역 1층,대전광역시 동구 중앙로 215 대전역 1층,36.3320176,127.4340796,,40,지역성: 대전
서구,손의손 본점,"해물,생선요리>주꾸미요리",대전광역시 서구 둔산동 1182 송전빌딩 101호 손의손 본점,대전광역시 서구 둔산남로9번길 99 송전빌딩 101호 손의손 본점,36.3506414,127.3812017,https://blog.naver.com/sonofson_,88,지역성: 본점
서구,벽돌곱창 시청본점,"한식>곱창,막창,양",대전광역시 서구 둔산동 1453 1층 122호,대전광역시 서구 둔산로 130 1층 122호,36.3508447,127.3882399,https://www.벽돌곱창.com,83,지역성: 본점
서구,뼈칼집 대전둔산점,음식점>한식,대전광역시 서구 둔산동 1462 1층 101호,대전광역시 서구 둔산중로58번길 29 1층 101호,36.3518923,127.3883728,,81,지역성: 대전
서구,몽상 대전둔산본점,음식점>일식>일식당,대전광역시 서구 둔산동 1015 102호,대전광역시 서구 둔산로31번길 10-35 102호,36.3532485,127.3781160,https://www.instagram.com/mongsang_91,78,"지역성: 본점, 대전"
서구,보끄미 대전점,한식>주꾸미요리,대전광역시 서구 둔산동 1352 둔산의 아침 201호,대전광역시 서구 대덕대로242번길 15 둔산의 아침 201호,36.3544843,127.3805899,,77,지역성: 대전
서구,대선칼국수 본점,음식점>한식,대전광역시 서구 둔산동 1440 오성빌딩 2층 대선칼국수,대전광역시 서구 둔산중로40번길 28 오성빌딩 2층 대선칼국수,36.3499346,127.3883481,,73,"지역성: 본점, 칼국수"
서구,불타는쪽갈비 대전둔산본점,"한식>육류,고기요리",대전광역시 서구 둔산동 981 갤러리타워,대전광역시 서구 둔지로 36 갤러리타워,36.3525597,127.3769957,,72,"지역성: 본점, 대전"
서구,쪽갈비 본점,"한식>육류,고기요리",대전광역시 서구 갈마동 1054 1층,대전광역시 서구 대덕대로 157 1층,36.3476133,127.3754548,,71,지역성: 본점
서구,공주칼국수,"한식>칼국수,만두",대전광역시 서구 갈마동 379-18 1층,대전광역시 서구 갈마로 72-1 1층,36.3458830,127.3693028,https://youtube.com/shorts/23bLt9WcVMY?si=BN3fYX3dGgNAc8rN,70,지역성: 칼국수
서구,별달돈까스 대전둔산점,음식점>일식>돈가스,대전광역시 서구 둔산동 1056 2층,대전광역시 서구 둔산로 30 2층,36.3515878,127.3771612,https://blog.naver.com/starmooncaffe/223277382909,69,지역성: 대전
서구,갈비만 대전점,"한식>육류,고기요리",대전광역시 서구 갈마동 291-14 1층,대전광역시 서구 계룡로 338 1층,36.3535724,127.3664816,https://app.catchtable.co.kr/ct/shop/galvimandaejeonbranch,67,지역성: 대전
서구,녹수청산 대전시청본점,음식점>한식,대전광역시 서구 둔산동 1210 2층,대전광역시 서구 둔산로74번길 27 2층,36.3500096,127.3821965,,67,"지역성: 본점, 대전"
서구,산오징어비빔회양푼무침 대전본점,음식점>한식,대전광역시 서구 둔산동 1056,대전광역시 서구 둔산로 30,36.3514494,127.3770912,,67,"지역성: 본점, 대전"
서구,24시순대족발 본점,"한식>순대,순댓국",대전광역시 서구 갈마동 379-8,대전광역시 서구 갈마로 82,36.3450656,127.3693760,,66,지역성: 본점
서구,가마솥보은순대,"한식>순대,순댓국",대전광역시 서구 갈마동 432-6 인터빌아파트,대전광역시 서구 신갈마로 58-17 인터빌아파트,36.3397753,127.3667170,,66,
서구,토종골옻닭마을 대전본점,한식>닭요리,대전광역시 서구 갈마동 905,대전광역시 서구 갈마역로 3,36.3510441,127.3732126,,66,"지역성: 본점, 대전"
서구,유원옥,음식점>한식,대전광역시 서구 둔산동 1391 104호 유원옥,대전광역시 서구 둔산로137번길 44 104호 유원옥,36.3531611,127.3895409,,65,
서구,태평소국밥,한식>국밥,대전광역시 서구 갈마동 337-5,대전광역시 서구 신갈마로 179,36.3497223,127.3680321,,65,
서구,떡반집 본점,분식>종합분식,대전광역시 서구 둔산동 1091 밀레니엄프라자 1층 109호,대전광역시 서구 둔산로 8 밀레니엄프라자 1층 109호,36.3522508,127.3749865,,64,지역성: 본점
서구,사리원 본점,한식>냉면,대전광역시 서구 둔산동 968 사리원 2층,대전광역시 서구 둔산로31번길 77 사리원 2층,36.3553562,127.3773137,http://www.sariwonkorea.com,64,지역성: 본점
서구,글로벌살수,한식>향토음식,대전광역시 서구 월평동 1180 505,대전광역시 서구 월평서로 11 505,36.3545358,127.3576630,,63,지역성: 향토
서구,둔산공주칼국수,"한식>칼국수,만두",대전광역시 서구 둔산동 963 대영프라자 132호,대전광역시 서구 둔산북로 36 대영프라자 132호,36.3553000,127.3781292,,62,지역성: 칼국수
서구,우리손칼국수,"한식>칼국수,만두",대전광역시 서구 둔산동 1199 1층,대전광역시 서구 둔산남로9번길 37 1층,36.3497103,127.3784200,,62,지역성: 칼국수
서구,이태리국시 대전,음식점>양식,대전광역시 서구 둔산동 990 2층,대전광역시 서구 둔산로31번길 31 2층,36.3531348,127.3772877,https://www.instagram.com/italyguksi,62,지역성: 대전
서구,홍두깨생칼국수,"한식>칼국수,만두",대전광역시 서구 갈마동 427-49,대전광역시 서구 신갈마로127번길 153,36.3401027,127.3661118,,62,지역성: 칼국수
서구,고깃리88번지 대전둔산점,한식>돼지고기구이,대전광역시 서구 둔산동 1098 1층,대전광역시 서구 대덕대로185번길 63 1층,36.3510915,127.3742405,,61,지역성: 대전
서구,공주칼국수쭈꾸미구이 둔산점,"음식점>한식>칼국수,만두",대전광역시 서구 둔산동 915 청사오피스텔1층 102호,대전광역시 서구 청사로 228 청사오피스텔1층 102호,36.3594540,127.3889727,,61,지역성: 칼국수
서구,데판유우,술집>요리주점,대전광역시 서구 둔산동 1100 1층 데판유우,대전광역시 서구 대덕대로185번길 53 1층 데판유우,36.3509028,127.3746384,https://www.instagram.com/deppan_youu?igsh=b3pjbHJrc3hjcDQ5,61,
서구,두부사랑,한식>두부요리,대전광역시 서구 갈마동 427-51,대전광역시 서구 신갈마로127번길 157,36.3398650,127.3661013,,61,
서구,서울깍두기 대전시청점,"한식>곰탕,설렁탕","대전광역시 서구 둔산동 1453 1층 112,113호","대전광역시 서구 둔산로 130 1층 112,113호",36.3511107,127.3878529,http://seoggag.com,61,지역성: 대전
서구,옥천뼈구이 농민뜨끈이 갈마점,한식>감자탕,"대전광역시 서구 갈마동 339-3 101, 102호","대전광역시 서구 갈마로 39 101, 102호",36.3492285,127.3694948,,61,
서구,키츠네유부 대전둔산점,"음식점>일식>초밥,롤",대전광역시 서구 둔산동 1453 1층 120호 키츠네유부 대전시청점,대전광역시 서구 둔산로 130 1층 120호 키츠네유부 대전시청점,36.3508639,127.3881196,https://www.instagram.com/kitz_yubu,61,지역성: 대전
서구,태평소국밥,한식>국밥,대전광역시 서구 둔산동 1005,대전광역시 서구 둔산로31번길 52,36.3540819,127.3778893,https://smartstore.naver.com/mcfdts,61,
서구,고집불통신닭발 본점,한식>닭발,대전광역시 서구 둔산동 1828,대전광역시 서구 문정로170번길 192,36.3508169,127.3977196,https://www.instagram.com/gojib2222222v,60,지역성: 본점
서구,광장포차,술집>포장마차,대전광역시 서구 둔산동 1105-1 1층 광장포차,대전광역시 서구 대덕대로185번길 23 1층 광장포차,36.3502132,127.3761421,https://www.instagram.com/reel/Czv5FXBRDzf/?igshid=MzRlODBiNWFlZA==,60,
서구,보배반점 대전둔산점,음식점>중식당,대전광역시 서구 둔산동 1491 1층,대전광역시 서구 둔산남로105번길 22 1층,36.3500784,127.3893981,https://www.instagram.com/bobae_dunsan,60,지역성: 대전
서구,앞산큰골집 대전둔산점,음식점>한식,대전광역시 서구 둔산동 1176 1층,대전광역시 서구 둔산로 72 1층,36.3509973,127.3818934,https://blog.naver.com/djkeungol,60,지역성: 대전
서구,통통식당,음식점>한식,대전광역시 서구 갈마동 263-39,대전광역시 서구 계룡로349번길 22,36.3548786,127.3680504,,60,
서구,갈마동김한돈,한식>돼지고기구이,대전광역시 서구 갈마동 1071,대전광역시 서구 대덕대로 143-1 (갈마동),36.3465328,127.3747991,https://www.instagram.com/kimhandon,59,
서구,강남면옥 둔산점,한식>냉면,대전광역시 서구 둔산동 1410,대전광역시 서구 둔산로123번길 15,36.3519663,127.3874957,,59,
서구,맛찬들왕소금구이 갈마점,"한식>육류,고기요리",대전광역시 서구 갈마동 343-54 1층,대전광역시 서구 계룡로 398 1층,36.3508632,127.3717080,https://app.catchtable.co.kr/ct/shop/matchandeul_galma,59,
서구,얼칼,"한식>칼국수,만두",대전광역시 서구 갈마동 377-38 1층,대전광역시 서구 신갈마로 141 1층,36.3463797,127.3682324,,59,지역성: 칼국수
서구,짬뽕관 대전둔산점,음식점>중식당,대전광역시 서구 둔산동 1319 1층,대전광역시 서구 대덕대로234번길 38 1층,36.3534090,127.3817885,http://jjkk.winko.net/,59,지역성: 대전
서구,최애뭉티기 갈마본점,음식점>한식,대전광역시 서구 갈마동 969 2층 최애뭉티기,대전광역시 서구 갈마중로 31 2층 최애뭉티기,36.3477515,127.3727392,,59,지역성: 본점
서구,한상바오 와갈비 대전점,"한식>육류,고기요리",대전광역시 서구 갈마동 1435 103호 한상바오 와갈비,대전광역시 서구 대덕대로 164 103호 한상바오 와갈비,36.3477936,127.3766258,https://www.instagram.com/hansangbaowagalbi_dj/,59,지역성: 대전
서구,밤맛고을,음식점>한식,대전광역시 서구 갈마동 343-30 1층 밤맛고을,대전광역시 서구 갈마중로 13 1층 밤맛고을,36.3478027,127.3708628,,58,
서구,샘머리김밥,분식>김밥,대전광역시 서구 둔산동 908,대전광역시 서구 청사로 281,36.3619545,127.3913275,https://blog.naver.com/hmk860103,58,
서구,설천순대국밥,"한식>순대,순댓국",대전광역시 서구 둔산동 1353,대전광역시 서구 둔산로51번길 66,36.3539957,127.3805236,,58,
서구,시골길내륙본점,한식>낙지요리,대전광역시 서구 둔산동 997,대전광역시 서구 둔산로31번길 61,36.3544331,127.3773613,,58,지역성: 본점
서구,육함,한식>돼지고기구이,"대전광역시 서구 갈마동 830 101,B01호","대전광역시 서구 갈마역로 17 101,B01호",36.3520764,127.3736968,https://www.instagram.com/yookham__,58,
서구,장원갑칼국수 둔산 갤러리아 타임월드점,"한식>칼국수,만두",대전광역시 서구 둔산동 1127 1층 104호,대전광역시 서구 대덕대로176번길 15 1층 104호,36.3481886,127.3778882,https://www.instagram.com/jangwongab_dunsan/,58,지역성: 칼국수
서구,킨토토 대전점,음식점>일식>일본식라면,대전광역시 서구 갈마동 273-19,대전광역시 서구 계룡로 403,36.3508933,127.3728132,http://instagram.com/KINTOTO_GALMA,58,지역성: 대전
서구,호박꽃마차 본점,"한식>육류,고기요리",대전광역시 서구 갈마동 982 1층 호박꽃마차,대전광역시 서구 대덕대로151번길 23 1층 호박꽃마차,36.3478389,127.3736797,http://www.hbgmacha.com/,58,지역성: 본점
서구,국밥 참 맛있는 집 대전시청점,음식점>한식>국밥,대전광역시 서구 둔산동 1389 1층 101-3호,대전광역시 서구 문예로 73 1층 101-3호,36.3534359,127.3897595,https://www.gukcham.com/,57,지역성: 대전
서구,굴렁쇠막창,"한식>곱창,막창,양",대전광역시 서구 갈마동 343-55 1층 굴렁쇠막창,대전광역시 서구 계룡로394번길 9 1층 굴렁쇠막창,36.3507251,127.3714278,,57,
서구,백그릇국밥 대전법원점,한식>국밥,대전광역시 서구 둔산동 1483 이레빌딩 1층,대전광역시 서구 둔산로137번길 22 이레빌딩 1층,36.3523717,127.3893950,http://100gukbob.com,57,지역성: 대전
서구,유미삼겹 숯불갈비,한식>돼지고기구이,대전광역시 서구 갈마동 1496 1층 유미삼겹 숯불갈비,대전광역시 서구 신갈마로 186 1층 유미삼겹 숯불갈비,36.3510765,127.3683520,https://www.instagram.com/ume_bbq/,57,
서구,주감 본점,술집>요리주점,대전광역시 서구 갈마동 855 1층 주감,대전광역시 서구 갈마역로25번길 17-17 1층 주감,36.3520252,127.3728983,https://www.instagram.com/jugam_daejeon,57,지역성: 본점
서구,푸짐한조개찜,한식>조개요리,대전광역시 서구 갈마동 261-1,대전광역시 서구 월평중로4번길 74,36.3541444,127.3679769,http://ok114.co.kr/0424717026,57,
서구,길가옆에누룽지삼계탕 서구점,"한식>백숙,삼계탕",대전광역시 서구 갈마동 263-49,대전광역시 서구 월평중로4번길 77,36.3542890,127.3683204,http://gilgayeope.com/,56,
서구,담온식당,음식점>한식,대전광역시 서구 둔산동 1407 1층 107호,대전광역시 서구 둔산로123번길 21 1층 107호,36.3522510,127.3872557,https://blog.naver.com/mac2y2,56,
서구,산더미 미성돼지국밥 대전둔산점,한식>국밥,대전광역시 서구 둔산동 1456 1층 102호,대전광역시 서구 둔산로 129 1층 102호,36.3517027,127.3882086,https://sandeomimiseong.com,56,지역성: 대전
서구,수복삼계탕 둔산점,"한식>백숙,삼계탕","대전광역시 서구 둔산동 1405 메트로팰리스 1층 109호,110호","대전광역시 서구 둔산중로 66 메트로팰리스 1층 109호,110호",36.3525073,127.3872672,https://본수복삼계탕.com/,56,
서구,오씨칼국수 둔산점,"한식>칼국수,만두",대전광역시 서구 둔산동 1304 근로자종합복지관지하 1층,"대전광역시 서구 둔산서로 84 (둔산동,근로자종합복지관)지하 1층",36.3543011,127.3833078,,56,지역성: 칼국수
서구,택이네조개전골 대전시청점,"음식점>한식>해물,생선요리>조개요리",대전광역시 서구 둔산동 1429 SH빌딩 1층,대전광역시 서구 둔산남로 99 SH빌딩 1층,36.3491996,127.3886030,,56,지역성: 대전
서구,담라 둔산본점,음식점>한식,대전광역시 서구 둔산동 1488 2층,대전광역시 서구 둔산남로105번길 34 2층,36.3506080,127.3894944,https://www.instagram.com/damra_means_jeju,55,지역성: 본점
서구,무한고기충전소,"한식>육류,고기요리",대전광역시 서구 둔산동 1450 2층,대전광역시 서구 둔산중로46번길 38 2층,36.3506828,127.3889942,,55,
서구,본만쥬 갈마점,분식>종합분식,대전광역시 서구 갈마동 834,대전광역시 서구 갈마역로 11,36.3516367,127.3735169,https://www.instagram.com/bonmanju1,55,
서구,부산면관 둔산직영점,음식점>한식,대전광역시 서구 둔산동 1308 하이베라스 1층 105호,대전광역시 서구 대덕대로234번길 45 하이베라스 1층 105호,36.3537005,127.3821776,http://busanmyeongwan.co.kr/,55,
서구,불타는반점 본점,중식>중식당,대전광역시 서구 둔산동 1309 1층 103호,대전광역시 서구 대덕대로234번길 46 1층 103호,36.3532201,127.3821177,https://www.baemin.com/shopDetail?shopDetail_shopNo=14750491&bm_rfr=SHARE&shopDetail_campaignId=-1,55,지역성: 본점
서구,수테,음식점>한식,대전광역시 서구 둔산동 990 1층,대전광역시 서구 둔산로31번길 31 1층,36.3530913,127.3773543,https://www.instagram.com/soo__tae,55,
서구,연골연탄집 대전갈마점,"한식>육류,고기요리",대전광역시 서구 갈마동 307-20 1층 연골연탄집,대전광역시 서구 신갈마로 202 1층 연골연탄집,36.3515884,127.3684595,,55,지역성: 대전
서구,이억만포장마차,술집>요리주점,대전광역시 서구 둔산동 1064 명성빌딩,대전광역시 서구 대덕대로185번길 30 명성빌딩,36.3504183,127.3760405,,55,
서구,정김밥,분식>김밥,대전광역시 서구 둔산동 967 1층 149호,대전광역시 서구 둔산북로 22 1층 149호,36.3556548,127.3767765,,55,
서구,카이테키 대전점,음식점>일식>일식당,대전광역시 서구 둔산동 1222 1층,대전광역시 서구 계룡로491번길 82 1층,36.3483823,127.3821177,https://www.instagram.com/kaiteki042_,55,지역성: 대전
서구,타츠진 우동,음식점>일식>일식당,대전광역시 서구 둔산동 1023 1층 106호,대전광역시 서구 대덕대로249번길 15 1층 106호,36.3547259,127.3781036,https://app.catchtable.co.kr/ct/shop/tatsujinudon,55,
서구,더베이징,중식>중식당,대전광역시 서구 둔산동 1083 더 프라임시티 2층 201호,대전광역시 서구 대덕대로195번길 58 더 프라임시티 2층 201호,36.3518437,127.3753144,,54,
서구,명동닭한마리 둔산을지점,한식>닭요리,"대전광역시 서구 둔산동 1353 1층 107호, 107-1호","대전광역시 서구 둔산로51번길 66 1층 107호, 107-1호",36.3541794,127.3807282,,54,
서구,무릉도원,술집>요리주점,대전광역시 서구 갈마동 343-14 1층 무릉도원,대전광역시 서구 계룡로416번길 54 1층 무릉도원,36.3480184,127.3725347,https://www.instagram.com/mureung.dn,54,
서구,상무초밥 둔산점,"음식점>일식>초밥,롤",대전광역시 서구 둔산동 1002,대전광역시 서구 둔산로31번길 66,36.3546813,127.3776449,http://pf.kakao.com/_UTwjG,54,
서구,설도,한식>소고기구이,대전광역시 서구 갈마동 902 1층 설도,대전광역시 서구 갈마역로 9 1층 설도,36.3513854,127.3733933,,54,
서구,소리,술집>이자카야,대전광역시 서구 둔산동 1309 1층 102호,대전광역시 서구 대덕대로234번길 46 1층 102호,36.3533172,127.3822565,https://app.catchtable.co.kr/ct/shop/sori,54,
서구,원산시도삭면,중식>중식당,대전광역시 서구 둔산동 1077 트라이얼스타 B동 2층 202호,대전광역시 서구 둔지로 11 트라이얼스타 B동 2층 202호,36.3508100,127.3755366,https://www.instagram.com/won_shanxi,54,
서구,태원,중식>중식당,대전광역시 서구 둔산동 1242,대전광역시 서구 문정로 19,36.3462176,127.3816771,,54,
서구,범이네숯불구이,한식>닭갈비,대전광역시 서구 갈마동 1049 1층 범이네숯불구이,대전광역시 서구 대덕대로 159 1층 범이네숯불구이,36.3477738,127.3756894,https://www.instagram.com/leesungbeom_1982/,53,
서구,시인의 바다,음식점>한식,대전광역시 서구 갈마동 337-32,대전광역시 서구 신갈마로181번길 5,36.3497390,127.3677721,https://blog.naver.com/farewell7,53,
서구,오가네대구왕뽈떼기 아구도발,음식점>한식,대전광역시 서구 갈마동 338-3 1층 아구도발,대전광역시 서구 갈마로 36 1층 아구도발,36.3490790,127.3689272,,53,
서구,오마카세키친,한식>생선회,대전광역시 서구 둔산동 1005 로뎀빌딩 2층,대전광역시 서구 둔산로31번길 52 로뎀빌딩 2층,36.3540722,127.3777370,http://omakase-kitchen.zeep.kr/,53,
서구,용주,술집>요리주점,대전광역시 서구 갈마동 1027 1층 101호,대전광역시 서구 대덕대로161번길 31 1층 101호,36.3486982,127.3745625,https://www.instagram.com/yongju4000?igsh=amtwam1yN29jcW1y&utm_source=qr,53,
서구,이비가짬뽕 시청점,음식점>중식당,대전광역시 서구 둔산동 1447 1층,대전광역시 서구 둔산중로40번길 19 1층,36.3503394,127.3878267,,53,
서구,족발이랑칼국시,"한식>족발,보쌈",대전광역시 서구 갈마동 1356-1,대전광역시 서구 갈마로147번길 58,36.3410678,127.3767985,,53,
서구,카우카우 둔산점,한식>소고기구이,대전광역시 서구 둔산동 1068 2층 01호 카우카우 둔산점,대전광역시 서구 둔지로 18 2층 01호 카우카우 둔산점,36.3512696,127.3763050,,53,
서구,동백카츠 둔산점,음식점>일식>돈가스,대전광역시 서구 둔산동 1004 1층 동백카츠,대전광역시 서구 둔산로31번길 56 1층 동백카츠,36.3543187,127.3776607,https://www.instagram.com/dongbaek.cutlet/,52,
서구,만전 대전시청점,"한식>육류,고기요리",대전광역시 서구 둔산동 1439 1층,대전광역시 서구 둔산중로40번길 20 1층,36.3499051,127.3878115,,52,지역성: 대전
서구,맛찬들왕소금구이 둔산점,"한식>육류,고기요리",대전광역시 서구 둔산동 1448 1층 101호,대전광역시 서구 둔산중로46번길 22 1층 101호,36.3506741,127.3878247,,52,
서구,모리아,음식점>일식>일식당,대전광역시 서구 둔산동 1434 1층 102호,대전광역시 서구 둔산중로32번길 35 1층 102호,36.3495921,127.3886675,https://www.instagram.com/moria._.officially,52,
서구,신선칡냉면,한식>냉면,대전광역시 서구 둔산동 1966 1층,대전광역시 서구 둔산로218번길 26 1층,36.3500077,127.3980754,,52,
서구,추성순대족발,"한식>순대,순댓국",대전광역시 서구 둔산동 925 1층,대전광역시 서구 둔산중로134번길 39 1층,36.3588730,127.3892282,,52,
서구,둔산주먹구이,한식>돼지고기구이,대전광역시 서구 갈마동 827 1층 둔산주먹구이,대전광역시 서구 갈마역로 21 1층 둔산주먹구이,36.3523853,127.3738935,,51,
중구,다올칼국수,"한식>칼국수,만두",대전광역시 중구 문화동 126-2 1층,대전광역시 중구 보문산로293번길 7 1층,36.3103892,127.4107471,,82,지역성: 칼국수
중구,감자바위골,"한식>칼국수,만두",대전광역시 중구 문창동 366-12 문창시장내 1층,대전광역시 중구 보문로20번길 14-4 문창시장내 1층,36.3150931,127.4383735,,81,지역성: 칼국수
중구,보문산유씨네부엌샤브샤브,음식점>일식>샤브샤브,대전광역시 중구 대사동 197-15 1층 유씨네부엌,대전광역시 중구 보문산공원로497번길 109 1층 유씨네부엌,36.3090069,127.4193456,https://www.instagram.com/ussine.kitchen,78,
중구,옹심이메밀칼국수,"한식>칼국수,만두",대전광역시 중구 대사동 121-2 1층,대전광역시 중구 보문산공원로 543 1층,36.3159988,127.4254606,,71,지역성: 칼국수
중구,고기는야외빨,음식점>한식,대전광역시 중구 대사동 210-5 고기는야외빨,대전광역시 중구 보문산공원로 514 고기는야외빨,36.3142153,127.4236815,https://www.instagram.com/bbq_g_y/,69,
중구,대동순대,"한식>순대,순댓국",대전광역시 중구 문화동 284-53,대전광역시 중구 서문로43번길 70,36.3138032,127.4048901,,69,
중구,봉스김밥 대전본점,분식>김밥,대전광역시 중구 문화동 480-2,대전광역시 중구 천근로46번길 10,36.3091052,127.4048497,,67,"지역성: 본점, 대전"
중구,홍두깨칼국수,"한식>칼국수,만두",대전광역시 중구 석교동 10-17,대전광역시 중구 대종로 258,36.3110428,127.4396446,,67,지역성: 칼국수
중구,만수민물장어,"한식>장어,먹장어요리",대전광역시 중구 문화동 27-5 3층 만수민물장어,대전광역시 중구 보문산로 331 3층 만수민물장어,36.3126706,127.4133954,https://blog.naver.com/jae1soosan,66,
중구,복수분식 본점,분식>종합분식,대전광역시 중구 대사동 77-45 현대주택 1층 복수분식본점,대전광역시 중구 충무로 95 현대주택 1층 복수분식본점,36.3180492,127.4275320,,65,지역성: 본점
중구,착한낙지 대전보문산점,한식>낙지요리,대전광역시 중구 부사동 99-1 1층 착한낙지,대전광역시 중구 대종로 331 1층 착한낙지,36.3152038,127.4333220,,65,지역성: 대전
중구,정직한하누,한식>소고기구이,대전광역시 중구 부사동 129-8 2층/3층(room),대전광역시 중구 대종로 311 2층/3층(room),36.3134989,127.4343497,,64,
중구,보문산본가누룽지삼계탕,"한식>백숙,삼계탕",대전광역시 중구 대사동 142-2 1층,대전광역시 중구 보문산공원로 527-4 1층,36.3152663,127.4242924,http://instagram.com/bomunsan_bonga,63,
중구,샤브마니아 대전보문산점,음식점>일식>샤브샤브,대전광역시 중구 대사동 200-5 2층,대전광역시 중구 보문산공원로497번길 26 2층,36.3127132,127.4207679,,63,지역성: 대전
중구,진짜배기명태촌 보문산점,"한식>해물,생선요리",대전광역시 중구 대사동 200-4 1층,대전광역시 중구 보문산공원로497번길 16 1층,36.3129451,127.4209733,,63,
중구,유성순대,"한식>순대,순댓국",대전광역시 중구 석교동 57-12,대전광역시 중구 대전천서로 211,36.3107127,127.4425426,,62,
중구,짬뽕짬뽕 본점,중식>중식당,대전광역시 중구 문화동 374-17 짬뽕짬뽕,대전광역시 중구 서문로43번길 80 짬뽕짬뽕,36.3139686,127.4044063,,62,지역성: 본점
중구,꼭대기집,"한식>백숙,삼계탕",대전광역시 중구 대사동 산1-27,대전광역시 중구 보문산공원로530번길 12-28,36.3133801,127.4254493,,61,
중구,유가옥설렁탕,"한식>곰탕,설렁탕",대전광역시 중구 부사동 128-1,대전광역시 중구 대종로 323,36.3146340,127.4336656,https://smartstore.naver.com/yougaok,60,
중구,똑순이네,한식>닭요리,대전광역시 중구 대사동 148-19,대전광역시 중구 보문산공원로 522,36.3144452,127.4239951,,59,
중구,시민칼국수,"한식>칼국수,만두",대전광역시 중구 문화동 1-166,대전광역시 중구 대흥로10번길 5,36.3210687,127.4156479,,59,지역성: 칼국수
중구,다정식당,음식점>한식,대전광역시 중구 대사동 198-138,대전광역시 중구 보문산공원로 496,36.3130053,127.4220004,https://www.instagram.com/boribab.dajung1981,58,
중구,남원집,음식점>한식,대전광역시 중구 문화동 491-1 1층,대전광역시 중구 보문산로227번길 57 1층,36.3082200,127.4041689,https://www.instagram.com/namwonjip,57,
중구,복수분식 본점,분식>종합분식,대전광역시 중구 대흥동 467-4,대전광역시 중구 중교로 27,36.3250643,127.4228461,https://smartstore.naver.com/,57,지역성: 본점
중구,북경,중식>중식당,대전광역시 중구 부사동 141-11,대전광역시 중구 보문로 99-2,36.3134770,127.4299825,,57,
중구,소담,"음식점>일식>초밥,롤",대전광역시 중구 부사동 147-13,대전광역시 중구 보문로 71,36.3131991,127.4329955,,57,
중구,소풍,음식점>일식>돈가스,대전광역시 중구 부사동 146-7,대전광역시 중구 보문로 85,36.3133136,127.4316433,,57,
중구,우리왕만두,분식>종합분식,대전광역시 중구 문창동 361-18,대전광역시 중구 문창로 6,36.3142039,127.4364911,http://itvplus.co.kr/home5/wangmandu/,57,
중구,지글지글,"한식>곱창,막창,양",대전광역시 중구 문창동 371-23,대전광역시 중구 보문로 23,36.3142458,127.4382602,,57,
중구,하나분식,분식>종합분식,대전광역시 중구 문창동 362-9,대전광역시 중구 문창로 8,36.3144426,127.4363713,,57,
중구,애국집,음식점>한식,대전광역시 중구 대흥동 295-6 1층,대전광역시 중구 테미로 35 1층,36.3215612,127.4205854,https://app.catchtable.co.kr/ct/shop/koreahouse_?type=WAITING¤tSuggestionType=SHOP_NAME,55,
중구,조기종의향미각 대전충대병원점,중식>중식당,대전광역시 중구 대사동 248-366 1층,대전광역시 중구 문화로 273 1층,36.3180366,127.4144451,,55,지역성: 대전
중구,하쿠류코쿠류 본점,음식점>일식>일식당,대전광역시 중구 대흥동 452-69 1층,대전광역시 중구 대흥로111번길 42 1층,36.3249349,127.4238479,https://litt.ly/hakuryu_kokuryu,55,지역성: 본점
중구,소담칼국수쭈꾸미 문화점,"한식>칼국수,만두",대전광역시 중구 문화동 11-15 1층,대전광역시 중구 보문산로365번길 2 1층,36.3145005,127.4164569,https://www.instagram.com/sodam_munhwa,54,지역성: 칼국수
중구,청국장이야기,음식점>한식,대전광역시 중구 대사동 197-37 1층,대전광역시 중구 보문산공원로497번길 61 1층,36.3114491,127.4197305,,54,
중구,한민순대,"한식>순대,순댓국",대전광역시 중구 문창동 367-15,대전광역시 중구 대전천서로 271,36.3149824,127.4387260,,53,
중구,강변산닭 본점,음식점>한식,대전광역시 중구 대흥동 469-2,대전광역시 중구 보문로260번길 8,36.3257907,127.4225153,,52,지역성: 본점
중구,고덕갈비,"한식>육류,고기요리",대전광역시 중구 문화동 542-1,대전광역시 중구 보문산로 213,36.3061766,127.4040951,,52,
중구,문화손만두,분식>만두,대전광역시 중구 문화동 125-4 용정빌라 1층,대전광역시 중구 과례로 28 용정빌라 1층,36.3110206,127.4106566,,52,
중구,돈태일,음식점>일식>돈가스,대전광역시 중구 문창동 373-3 1층,대전광역시 중구 대종로296번길 17 1층,36.3133229,127.4365291,https://www.instagram.com/don_tail,51,
중구,보문산쭈꾸미,한식>주꾸미요리,대전광역시 중구 대사동 197-36 지하1층,대전광역시 중구 보문산공원로497번길 126 지하1층,36.3087905,127.4188029,https://www.instagram.com/bomunsan_jjukkumi?igsh=MXVuMWdoNml1N29iNw%3D%3D&utm_source=qr,51,
중구,소바노하나,"음식점>일식>우동,소바",대전광역시 중구 문화동 1-9,대전광역시 중구 중앙로 28,36.3224965,127.4155697,,51,
중구,청석골칡냉면,한식>냉면,대전광역시 중구 산성동 334-8 대전광역시 중구 334~8번지,대전광역시 중구 보문산로141번길 39 대전광역시 중구 산성동 334~8번지,36.3069970,127.3952459,,51,
중구,파도상회,술집>요리주점,대전광역시 중구 대흥동 480-3 1층,대전광역시 중구 보문로260번길 17 1층,36.3261650,127.4230590,https://www.instagram.com/pado_sojubar?igsh=eW9yZzhnY2tiY3Js,51,
중구,도어블,중식>중식당,대전광역시 중구 대흥동 446-8 1층,대전광역시 중구 대흥로 117 1층,36.3235400,127.4252268,https://www.instagram.com/doable_8,50,
중구,라이라이 중식당,중식>중식당,대전광역시 중구 문창동 388-3,대전광역시 중구 대전천서로 249-1,36.3131271,127.4395163,https://blog.naver.com/minsunki119,49,
중구,릴레이분식,분식>종합분식,대전광역시 중구 대사동 248-485 1층 103호,대전광역시 중구 계룡로 937 1층 103호,36.3194612,127.4165186,,49,
중구,매일봄,분식>종합분식,대전광역시 중구 대흥동 502-14 1층,대전광역시 중구 선화서로 4 1층,36.3244230,127.4203083,,49,
중구,해태관,중식>중식당,대전광역시 중구 대흥동 458-1 1층 101호,대전광역시 중구 대흥로121번길 43 1층 101호,36.3254419,127.4245083,https://www.instagram.com/haetaegwan_daejeon,49,
중구,1953서서갈비 부사직영점,"한식>육류,고기요리",대전광역시 중구 부사동 260-1 1층,대전광역시 중구 대종로 275 1층,36.3115204,127.4375509,,48,
중구,마담이네애호박국밥,한식>국밥,대전광역시 중구 대사동 75-6 B동,대전광역시 중구 보문로 146-15 B동,36.3167826,127.4274961,,48,
중구,선속초코다리냉면,한식>냉면,대전광역시 중구 대사동 248-264 1층,대전광역시 중구 대흥로 22 1층,36.3218334,127.4165952,,48,
중구,황선영순대 본점,음식점>한식,대전광역시 중구 대사동 248-297 1층,대전광역시 중구 계룡로 951 1층,36.3186409,127.4175225,,42,지역성: 본점
중구,성열식당,한식>국밥,대전광역시 중구 문창동 367-10,대전광역시 중구 문창로6번길 42,36.3149633,127.4384073,,37,
중구,문창닭집,"한식>백숙,삼계탕",대전광역시 중구 문창동 363-4,대전광역시 중구 문창로10번길 15,36.3149308,127.4368974,,36,
중구,유끼,음식점>일식>돈가스,대전광역시 중구 대사동 198-14 1층 ),대전광역시 중구 보문산공원로 469 1층 대사동),36.3100574,127.4209972,,31,
중구,짜장왕왕서방,중식>중식당,대전광역시 중구 부사동 129-8,대전광역시 중구 대종로 311,36.3135859,127.4343631,,30,
중구,한촌설렁탕 충남대병원점,"한식>곰탕,설렁탕",대전광역시 중구 대사동 640 충남대병원 본관 지하1층,대전광역시 중구 문화로 282 충남대병원 본관 지하1층,36.3169080,127.4153630,,19,지역검색 후보
